GBLUP,EGBLUP,BayesA,BayesL,RF,RKHS
95.006,95.45253,95.143,95.119,96.903,95.471
95.242,96.33146,95.449,95.408,98.086,95.929
95.242,96.33153,95.449,95.408,98.086,95.929
94.773,92.54648,94.754,94.76,91.773,93.239
95.091,94.80999,95.54,95.544,95.706,95.03
94.216,94.60119,94.207,94.215,94.296,94.623
94.589,95.50971,94.606,94.614,94.934,95.007
94.016,92.92466,93.87,93.97,93.334,93.387
93.808,94.87245,93.887,93.838,96.033,94.51
94.698,94.8667,94.645,94.659,95.255,94.791
95.242,96.316,95.449,95.408,98.086,95.929
95.242,96.33714,95.449,95.408,98.086,95.929
94.643,96.11396,94.781,94.714,96.768,94.941
95.242,96.32843,95.449,95.408,98.086,95.929
94.698,94.82542,94.645,94.659,95.255,94.791
94.455,94.04715,94.212,94.326,94.715,94.301
94.404,94.55611,94.442,94.465,93.99,94.696
94.216,94.58602,94.207,94.215,94.296,94.623
93.806,94.91957,93.877,93.821,96.322,94.508
93.808,94.81518,93.887,93.838,96.033,94.51
94.355,94.26994,94.601,94.496,94.263,94.077
94.22,94.74689,94.227,94.247,99.576,94.627
94.206,94.33978,94.182,94.234,94.057,94.467
95.242,96.34391,95.449,95.408,98.086,95.929
95.067,95.23416,95.36,95.276,96.87,95.454
94.773,92.52881,94.754,94.76,91.773,93.239
94.698,94.85239,94.645,94.659,95.255,94.791
94.216,94.62025,94.207,94.215,94.296,94.623
94.216,94.62885,94.207,94.215,94.296,94.623
94.589,95.51764,94.606,94.614,94.934,95.007
95.242,96.3129,95.449,95.408,98.086,95.929
94.739,95.07675,94.76,94.751,95.568,94.969
93.555,93.81033,93.439,93.456,93.808,93.508
95.242,96.34039,95.449,95.408,98.086,95.929
94.643,96.13358,94.781,94.714,96.768,94.941
94.216,94.61142,94.207,94.215,94.296,94.623
94.773,92.55573,94.754,94.76,91.773,93.239
95.135,94.63833,95.546,95.563,94.71,94.93
93.806,94.84258,93.877,93.821,96.322,94.508
94.216,94.62729,94.207,94.215,94.296,94.623
93.806,94.8601,93.877,93.821,96.322,94.508
95.024,95.84697,95.178,95.096,97.367,95.601
95.242,96.34353,95.449,95.408,98.086,95.929
94.295,94.38221,94.53,94.442,94.899,94.15
94.216,94.60016,94.207,94.215,94.296,94.623
96.171,96.24686,96.311,96.303,99.641,95.975
94.67,94.65566,94.837,94.801,96.04,94.67
94.776,94.45334,94.731,94.774,91.113,94.599
94.698,94.86133,94.645,94.659,95.255,94.791
94.216,94.60399,94.207,94.215,94.296,94.623
94.215,94.838,94.24,94.235,94.094,94.742
93.806,94.89355,93.877,93.821,96.322,94.508
95.242,96.306,95.449,95.408,98.086,95.929
95.242,96.34892,95.449,95.408,98.086,95.929
94.216,94.64754,94.207,94.215,94.296,94.623
94.216,94.60946,94.207,94.215,94.296,94.623
95.242,96.33593,95.449,95.408,98.086,95.929
95.339,96.01734,95.559,95.553,97.646,95.809
94.698,94.87402,94.645,94.659,95.255,94.791
94.698,94.85718,94.645,94.659,95.255,94.791
93.806,94.85959,93.877,93.821,96.322,94.508
94.589,95.51388,94.606,94.614,94.934,95.007
93.806,94.88514,93.877,93.821,96.322,94.508
93.806,94.87915,93.877,93.821,96.322,94.508
94.739,95.12362,94.76,94.751,95.568,94.969
95.485,95.65172,95.461,95.598,95.191,95.675
94.216,94.62949,94.207,94.215,94.296,94.623
96.171,96.25355,96.311,96.303,99.641,95.975
94.194,94.6362,94.166,94.167,94.768,94.586
94.773,92.54526,94.754,94.76,91.773,93.239
94.74,94.61182,94.69,94.637,90.979,94.689
93.806,94.87258,93.877,93.821,96.322,94.508
94.589,95.50485,94.606,94.614,94.934,95.007
94.589,95.50002,94.606,94.614,94.934,95.007
93.806,94.88258,93.877,93.821,96.322,94.508
95.242,96.33231,95.449,95.408,98.086,95.929
95.637,95.26881,95.777,95.779,95.223,95.543
94.216,94.64499,94.207,94.215,94.296,94.623
95.242,96.31944,95.449,95.408,98.086,95.929
94.216,94.6468,94.207,94.215,94.296,94.623
94.773,92.56034,94.754,94.76,91.773,93.239
94.816,94.53423,94.859,94.881,94.647,94.602
94.216,94.64535,94.207,94.215,94.296,94.623
94.589,95.51071,94.606,94.614,94.934,95.007
93.867,94.76569,93.907,93.868,96.196,94.366
95.242,96.30328,95.449,95.408,98.086,95.929
95.242,96.32678,95.449,95.408,98.086,95.929
95.242,96.2889,95.449,95.408,98.086,95.929
94.216,94.61746,94.207,94.215,94.296,94.623
94.644,94.34298,94.461,94.535,95.558,94.7
94.216,94.60421,94.207,94.215,94.296,94.623
94.773,92.58864,94.754,94.76,91.773,93.239
94.698,94.85215,94.645,94.659,95.255,94.791
94.404,94.51204,94.442,94.465,93.99,94.696
94.589,95.5196,94.606,94.614,94.934,95.007
94.589,95.45015,94.606,94.614,94.934,95.007
95.242,96.30973,95.449,95.408,98.086,95.929
94.739,95.09833,94.76,94.751,95.568,94.969
94.216,94.6298,94.207,94.215,94.296,94.623
94.216,94.60135,94.207,94.215,94.296,94.623
95.242,96.3191,95.449,95.408,98.086,95.929
94.216,94.59133,94.207,94.215,94.296,94.623
94.698,94.85595,94.645,94.659,95.255,94.791
94.698,94.85688,94.645,94.659,95.255,94.791
94.216,94.62579,94.207,94.215,94.296,94.623
94.589,95.48892,94.606,94.614,94.934,95.007
93.806,94.89939,93.877,93.821,96.322,94.508
93.808,94.81957,93.887,93.838,96.033,94.51
95.242,96.32849,95.449,95.408,98.086,95.929
95.242,96.34009,95.449,95.408,98.086,95.929
95.242,96.33017,95.449,95.408,98.086,95.929
94.644,94.32716,94.461,94.535,95.558,94.7
94.216,94.63676,94.207,94.215,94.296,94.623
94.575,94.7329,94.405,94.42,95.179,94.57
95.135,94.5995,95.546,95.563,94.71,94.93
93.767,93.07268,93.572,93.653,94.179,93.234
94.216,94.65355,94.207,94.215,94.296,94.623
94.643,95.52376,94.665,94.684,94.967,95.045
95.242,96.30622,95.449,95.408,98.086,95.929
95.242,96.37117,95.449,95.408,98.086,95.929
95.242,96.30554,95.449,95.408,98.086,95.929
94.216,94.61702,94.207,94.215,94.296,94.623
96.13,96.09418,96.195,96.212,95.436,95.846
95.242,96.32624,95.449,95.408,98.086,95.929
94.739,95.12487,94.76,94.751,95.568,94.969
94.742,94.68248,94.651,94.678,93.701,94.69
93.806,94.88004,93.877,93.821,96.322,94.508
94.216,94.60606,94.207,94.215,94.296,94.623
94.266,93.32992,94.19,94.241,94.143,93.55
94.698,94.8703,94.645,94.659,95.255,94.791
94.739,95.07852,94.76,94.751,95.568,94.969
94.216,94.604,94.207,94.215,94.296,94.623
95.242,96.3337,95.449,95.408,98.086,95.929
95.242,96.31625,95.449,95.408,98.086,95.929
94.698,94.85002,94.645,94.659,95.255,94.791
94.776,94.92595,94.756,94.747,95.803,94.877
94.698,94.83875,94.645,94.659,95.255,94.791
93.618,94.39649,93.642,93.572,95.731,94.248
94.216,94.61282,94.207,94.215,94.296,94.623
94.589,95.50855,94.606,94.614,94.934,95.007
94.446,95.19407,95.013,94.798,94.638,94.526
95.882,95.23474,95.842,95.913,92.144,95.348
93.806,94.90642,93.877,93.821,96.322,94.508
94.216,94.59696,94.207,94.215,94.296,94.623
95.242,96.31805,95.449,95.408,98.086,95.929
94.216,94.58447,94.207,94.215,94.296,94.623
94.698,94.84618,94.645,94.659,95.255,94.791
94.748,94.64384,94.664,94.668,93.524,94.699
94.216,94.59994,94.207,94.215,94.296,94.623
94.589,95.51479,94.606,94.614,94.934,95.007
93.806,94.89197,93.877,93.821,96.322,94.508
93.806,94.90591,93.877,93.821,96.322,94.508
95.242,96.31546,95.449,95.408,98.086,95.929
94.216,94.59138,94.207,94.215,94.296,94.623
94.216,94.6027,94.207,94.215,94.296,94.623
95.414,96.48736,95.619,95.647,98.151,96.002
94.216,94.61697,94.207,94.215,94.296,94.623
94.773,92.558,94.754,94.76,91.773,93.239
94.742,94.62807,94.651,94.678,93.701,94.69
94.637,93.03266,94.786,94.746,91.487,93.953
94.216,94.6544,94.207,94.215,94.296,94.623
93.943,95.01784,93.979,93.962,96.229,94.544
95.138,96.09271,95.337,95.3,95.079,95.742
94.739,95.07546,94.76,94.751,95.568,94.969
94.806,96.41178,94.868,94.854,100.648,95.181
94.216,94.64069,94.207,94.215,94.296,94.623
96.13,96.11859,96.195,96.212,95.436,95.846
94.216,94.59637,94.207,94.215,94.296,94.623
94.751,92.75805,94.729,94.734,92.205,93.262
95.135,94.59165,95.546,95.563,94.71,94.93
94.216,94.61597,94.207,94.215,94.296,94.623
94.216,94.60732,94.207,94.215,94.296,94.623
94.562,95.28679,94.5,94.52,93.262,94.928
94.804,96.63876,94.858,94.838,100.964,95.186
94.698,94.84502,94.645,94.659,95.255,94.791
95.242,96.32095,95.449,95.408,98.086,95.929
94.206,94.36591,94.182,94.234,94.057,94.467
96.171,96.24905,96.311,96.303,99.641,95.975
94.821,94.71352,94.763,94.766,90.012,94.773
94.742,94.62181,94.651,94.678,93.701,94.69
95.135,94.57554,95.546,95.563,94.71,94.93
94.452,95.12272,94.514,94.504,94.574,94.911
94.589,95.49197,94.606,94.614,94.934,95.007
93.851,94.86879,93.883,93.84,96.148,94.541
95.242,96.31988,95.449,95.408,98.086,95.929
95.242,96.32166,95.449,95.408,98.086,95.929
94.452,95.16975,94.514,94.504,94.574,94.911
94.216,94.63705,94.207,94.215,94.296,94.623
95.242,96.35409,95.449,95.408,98.086,95.929
94.7,94.65595,94.604,94.62,89.843,94.714
94.773,92.57831,94.754,94.76,91.773,93.239
94.776,94.92217,94.756,94.747,95.803,94.877
93.877,94.94737,93.92,93.886,96.238,94.543
94.589,95.50613,94.606,94.614,94.934,95.007
93.806,94.90596,93.877,93.821,96.322,94.508
95.242,96.34543,95.449,95.408,98.086,95.929
95.242,96.33116,95.449,95.408,98.086,95.929
95.242,96.27675,95.449,95.408,98.086,95.929
94.206,94.36244,94.182,94.234,94.057,94.467
95.242,96.32289,95.449,95.408,98.086,95.929
94.216,94.60072,94.207,94.215,94.296,94.623
94.698,94.85161,94.645,94.659,95.255,94.791
94.739,95.10988,94.76,94.751,95.568,94.969
93.806,94.87498,93.877,93.821,96.322,94.508
94.216,94.59411,94.207,94.215,94.296,94.623
94.589,95.47618,94.606,94.614,94.934,95.007
93.806,94.89161,93.877,93.821,96.322,94.508
95.242,96.36348,95.449,95.408,98.086,95.929
95.242,96.30278,95.449,95.408,98.086,95.929
94.216,94.60023,94.207,94.215,94.296,94.623
95.242,96.31604,95.449,95.408,98.086,95.929
94.216,94.62445,94.207,94.215,94.296,94.623
94.624,92.80872,94.586,94.624,93.471,93.421
94.698,94.84439,94.645,94.659,95.255,94.791
94.698,94.86437,94.645,94.659,95.255,94.791
94.589,95.50478,94.606,94.614,94.934,95.007
94.617,94.05001,94.647,94.76,94.035,94.27
93.942,95.07824,93.94,93.951,96.101,94.605
94.739,95.11577,94.76,94.751,95.568,94.969
95.242,96.32405,95.449,95.408,98.086,95.929
94.216,94.60537,94.207,94.215,94.296,94.623
95.242,96.34006,95.449,95.408,98.086,95.929
94.216,94.6331,94.207,94.215,94.296,94.623
94.698,94.86187,94.645,94.659,95.255,94.791
94.698,94.88955,94.645,94.659,95.255,94.791
93.806,94.8576,93.877,93.821,96.322,94.508
94.589,95.46448,94.606,94.614,94.934,95.007
93.806,94.89685,93.877,93.821,96.322,94.508
94.321,95.35932,94.065,94.161,97.098,94.83
95.242,96.30541,95.449,95.408,98.086,95.929
93.884,92.85507,93.957,93.905,92.226,93.295
95.242,96.3056,95.449,95.408,98.086,95.929
94.216,94.6471,94.207,94.215,94.296,94.623
94.698,94.86633,94.645,94.659,95.255,94.791
94.698,94.82506,94.645,94.659,95.255,94.791
94.216,94.58925,94.207,94.215,94.296,94.623
94.589,95.53909,94.606,94.614,94.934,95.007
94.589,95.5276,94.606,94.614,94.934,95.007
95.194,95.76192,95.378,95.369,97.437,95.695
94.739,95.1465,94.76,94.751,95.568,94.969
94.216,94.60816,94.207,94.215,94.296,94.623
95.162,96.22149,95.372,95.345,97.875,95.774
94.278,94.61311,94.271,94.248,94.396,94.728
94.698,94.86788,94.645,94.659,95.255,94.791
94.698,94.83225,94.645,94.659,95.255,94.791
93.385,90.6215,93.298,93.29,87.933,91.684
94.589,95.51372,94.606,94.614,94.934,95.007
94.494,95.11059,94.177,94.325,92.807,94.856
94.643,96.12498,94.781,94.714,96.768,94.941
95.242,96.35623,95.449,95.408,98.086,95.929
95.242,96.33363,95.449,95.408,98.086,95.929
94.216,94.62879,94.207,94.215,94.296,94.623
95.329,94.50465,95.298,95.3,95.361,94.901
94.698,94.82456,94.645,94.659,95.255,94.791
94.773,92.54792,94.754,94.76,91.773,93.239
94.698,94.85958,94.645,94.659,95.255,94.791
94.216,94.61859,94.207,94.215,94.296,94.623
94.589,95.53038,94.606,94.614,94.934,95.007
94.739,95.09889,94.76,94.751,95.568,94.969
93.81,94.88258,93.897,93.854,96.068,94.511
94.739,95.11804,94.76,94.751,95.568,94.969
94.023,94.03921,94.192,94.097,93.391,94.164
95.216,95.75043,95.355,95.386,95.598,95.586
94.216,94.65263,94.207,94.215,94.296,94.623
94.773,92.54366,94.754,94.76,91.773,93.239
94.698,94.88145,94.645,94.659,95.255,94.791
94.216,94.62048,94.207,94.215,94.296,94.623
94.216,94.61737,94.207,94.215,94.296,94.623
93.447,91.28755,93.366,93.335,88.893,92.009
95.242,96.36798,95.449,95.408,98.086,95.929
95.242,96.34729,95.449,95.408,98.086,95.929
94.216,94.6399,94.207,94.215,94.296,94.623
95.242,96.35294,95.449,95.408,98.086,95.929
94.216,94.61176,94.207,94.215,94.296,94.623
94.742,94.66606,94.651,94.678,93.701,94.69
94.703,94.84224,94.658,94.649,95.33,94.802
93.847,93.63557,93.775,93.764,92.902,93.625
94.216,94.61979,94.207,94.215,94.296,94.623
93.822,94.87781,93.857,93.852,96.01,94.442
93.808,94.89947,93.887,93.838,96.033,94.51
94.295,94.05799,94.559,94.451,93.801,94.014
95.242,96.28689,95.449,95.408,98.086,95.929
96.13,96.11493,96.195,96.212,95.436,95.846
94.698,94.86098,94.645,94.659,95.255,94.791
95.174,93.15525,95.288,95.235,92.953,94.108
94.698,94.83838,94.645,94.659,95.255,94.791
94.026,93.90168,93.903,93.981,93.127,93.801
94.587,95.43039,94.596,94.619,94.904,94.944
93.806,94.87237,93.877,93.821,96.322,94.508
94.244,93.83568,94.468,94.391,93.423,93.733
94.698,94.86294,94.645,94.659,95.255,94.791
95.242,96.33789,95.449,95.408,98.086,95.929
95.715,95.03927,95.902,96.015,95.819,95.454
94.187,94.27565,94.004,94.173,93.193,94.502
95.318,92.97812,95.456,95.401,92.4,93.971
94.698,94.85772,94.645,94.659,95.255,94.791
94.589,95.51592,94.606,94.614,94.934,95.007
94.216,94.56156,94.207,94.215,94.296,94.623
93.89,95.20033,93.999,93.921,96.347,94.64
94.244,93.84668,94.468,94.391,93.423,93.733
94.444,94.46934,94.184,94.222,91.024,94.422
95.242,96.32844,95.449,95.408,98.086,95.929
96.13,96.12244,96.195,96.212,95.436,95.846
94.216,94.61147,94.207,94.215,94.296,94.623
94.672,92.47546,94.581,94.624,91.641,93.198
94.698,94.8602,94.645,94.659,95.255,94.791
93.847,93.62231,93.775,93.764,92.902,93.625
94.589,95.53144,94.606,94.614,94.934,95.007
94.589,95.48584,94.606,94.614,94.934,95.007
95.242,96.29743,95.449,95.408,98.086,95.929
94.455,94.0676,94.212,94.326,94.715,94.301
95.242,96.3101,95.449,95.408,98.086,95.929
96.171,96.22078,96.311,96.303,99.641,95.975
95.135,94.59021,95.546,95.563,94.71,94.93
94.773,92.56365,94.754,94.76,91.773,93.239
94.698,94.84439,94.645,94.659,95.255,94.791
94.589,95.51258,94.606,94.614,94.934,95.007
94.589,95.50758,94.606,94.614,94.934,95.007
94.65,95.37462,94.674,94.66,94.71,95.034
95.026,95.88961,95.222,95.184,94.888,95.566
95.242,96.33216,95.449,95.408,98.086,95.929
95.242,96.30916,95.449,95.408,98.086,95.929
96.13,96.07936,96.195,96.212,95.436,95.846
94.216,94.62855,94.207,94.215,94.296,94.623
94.773,92.55032,94.754,94.76,91.773,93.239
94.698,94.83777,94.645,94.659,95.255,94.791
93.847,93.65485,93.775,93.764,92.902,93.625
94.216,94.63679,94.207,94.215,94.296,94.623
94.589,95.52408,94.606,94.614,94.934,95.007
93.806,94.88161,93.877,93.821,96.322,94.508
95.242,96.33797,95.449,95.408,98.086,95.929
95.242,96.34801,95.449,95.408,98.086,95.929
94.216,94.61122,94.207,94.215,94.296,94.623
95.242,96.29617,95.449,95.408,98.086,95.929
94.216,94.63324,94.207,94.215,94.296,94.623
94.698,94.88278,94.645,94.659,95.255,94.791
94.742,94.65343,94.651,94.678,93.701,94.69
94.589,95.52177,94.606,94.614,94.934,95.007
94.589,95.48318,94.606,94.614,94.934,95.007
94.739,95.08616,94.76,94.751,95.568,94.969
93.806,94.89335,93.877,93.821,96.322,94.508
94.739,95.10902,94.76,94.751,95.568,94.969
94.216,94.63046,94.207,94.215,94.296,94.623
95.635,95.26571,95.767,95.763,94.49,95.56
95.242,96.32167,95.449,95.408,98.086,95.929
94.216,94.62097,94.207,94.215,94.296,94.623
94.698,94.82738,94.645,94.659,95.255,94.791
94.698,94.82815,94.645,94.659,95.255,94.791
93.92,93.91186,93.813,93.844,92.832,93.726
94.216,94.60455,94.207,94.215,94.296,94.623
94.643,96.11818,94.781,94.714,96.768,94.941
93.806,94.84124,93.877,93.821,96.322,94.508
95.242,96.33054,95.449,95.408,98.086,95.929
95.242,96.29587,95.449,95.408,98.086,95.929
96.171,96.25151,96.311,96.303,99.641,95.975
95.319,96.30358,95.52,95.494,97.955,95.893
94.328,94.52619,94.364,94.317,94.171,94.493
94.739,95.09515,94.76,94.751,95.568,94.969
93.806,94.88674,93.877,93.821,96.322,94.508
94.589,95.55244,94.606,94.614,94.934,95.007
93.89,94.81797,94.014,93.918,96.141,94.525
94.643,96.1187,94.781,94.714,96.768,94.941
95.242,96.31465,95.449,95.408,98.086,95.929
95.723,95.95588,95.883,95.901,95.575,95.756
94.216,94.62373,94.207,94.215,94.296,94.623
95.181,96.18266,95.407,95.363,97.871,95.767
93.823,92.66243,93.889,93.859,91.979,93.167
94.216,94.60466,94.207,94.215,94.296,94.623
95.255,94.68729,95.708,95.725,94.332,95.018
94.742,94.68244,94.651,94.678,93.701,94.69
93.847,93.61684,93.775,93.764,92.902,93.625
94.216,94.59986,94.207,94.215,94.296,94.623
94.784,94.88151,94.766,94.77,92.356,94.871
95.242,96.33103,95.449,95.408,98.086,95.929
94.698,94.86742,94.645,94.659,95.255,94.791
94.767,94.47223,94.701,94.774,95.633,94.865
94.216,94.60255,94.207,94.215,94.296,94.623
95.242,96.30689,95.449,95.408,98.086,95.929
94.691,94.50443,94.458,94.479,91.813,94.466
94.776,94.90795,94.756,94.747,95.803,94.877
94.742,94.62255,94.651,94.678,93.701,94.69
93.847,93.6415,93.775,93.764,92.902,93.625
94.589,95.48275,94.606,94.614,94.934,95.007
95.215,95.12509,95.779,95.714,96.575,95.291
93.806,94.89437,93.877,93.821,96.322,94.508
95.097,96.10973,95.329,95.285,97.817,95.697
95.4,95.71616,95.404,95.469,96.839,95.566
94.452,95.16983,94.514,94.504,94.574,94.911
95.242,96.30734,95.449,95.408,98.086,95.929
94.216,94.61202,94.207,94.215,94.296,94.623
94.652,94.77192,94.618,94.613,95.239,94.713
94.698,94.82847,94.645,94.659,95.255,94.791
94.589,95.54859,94.606,94.614,94.934,95.007
94.216,94.56999,94.207,94.215,94.296,94.623
94.643,96.15302,94.781,94.714,96.768,94.941
95.024,95.84223,95.178,95.096,97.367,95.601
94.924,95.69061,95.063,95.047,94.345,95.346
95.242,96.34256,95.449,95.408,98.086,95.929
94.295,94.32371,94.53,94.442,94.899,94.15
94.216,94.58206,94.207,94.215,94.296,94.623
94.739,95.15179,94.76,94.751,95.568,94.969
94.698,94.85192,94.645,94.659,95.255,94.791
95.091,94.81574,95.54,95.544,95.706,95.03
94.567,95.52325,94.571,94.582,94.891,95.048
94.216,94.61486,94.207,94.215,94.296,94.623
94.739,95.1087,94.76,94.751,95.568,94.969
95.242,96.33914,95.449,95.408,98.086,95.929
95.242,96.30008,95.449,95.408,98.086,95.929
94.216,94.64489,94.207,94.215,94.296,94.623
94.216,94.62304,94.207,94.215,94.296,94.623
94.216,94.60858,94.207,94.215,94.296,94.623
94.698,94.85813,94.645,94.659,95.255,94.791
94.773,92.57095,94.754,94.76,91.773,93.239
94.698,94.85667,94.645,94.659,95.255,94.791
94.589,95.49785,94.606,94.614,94.934,95.007
94.216,94.59466,94.207,94.215,94.296,94.623
94.698,94.83589,94.645,94.659,95.255,94.791
93.806,94.91182,93.877,93.821,96.322,94.508
94.698,94.87849,94.645,94.659,95.255,94.791
93.823,92.63835,93.889,93.859,91.979,93.167
93.823,92.66585,93.889,93.859,91.979,93.167
94.216,94.58539,94.207,94.215,94.296,94.623
94.756,92.53433,94.711,94.745,91.666,93.225
94.664,93.1602,94.402,94.558,93.768,93.867
94.698,94.87804,94.645,94.659,95.255,94.791
94.589,95.46909,94.606,94.614,94.934,95.007
94.589,95.53261,94.606,94.614,94.934,95.007
94.739,95.1172,94.76,94.751,95.568,94.969
95.242,96.32936,95.449,95.408,98.086,95.929
95.242,96.35995,95.449,95.408,98.086,95.929
95.87,96.24561,96.074,96.052,96.22,95.952
95.067,95.26524,95.36,95.276,96.87,95.454
94.216,94.61487,94.207,94.215,94.296,94.623
95.073,94.75869,95.127,95.247,93.61,94.296
94.698,94.8453,94.645,94.659,95.255,94.791
94.654,94.47549,94.597,94.586,93.943,94.466
94.589,95.52026,94.606,94.614,94.934,95.007
94.589,95.48912,94.606,94.614,94.934,95.007
94.496,94.25393,94.327,94.417,95.052,94.476
95.242,96.33141,95.449,95.408,98.086,95.929
95.242,96.32566,95.449,95.408,98.086,95.929
95.242,96.30128,95.449,95.408,98.086,95.929
93.823,92.66166,93.889,93.859,91.979,93.167
94.216,94.63306,94.207,94.215,94.296,94.623
94.698,94.86588,94.645,94.659,95.255,94.791
94.698,94.87086,94.645,94.659,95.255,94.791
93.806,94.89753,93.877,93.821,96.322,94.508
93.847,93.63009,93.775,93.764,92.902,93.625
94.216,94.60467,94.207,94.215,94.296,94.623
94.703,95.95877,94.811,94.761,96.677,94.865
95.242,96.33413,95.449,95.408,98.086,95.929
94.698,94.88223,94.645,94.659,95.255,94.791
94.216,94.60682,94.207,94.215,94.296,94.623
93.823,92.68384,93.889,93.859,91.979,93.167
94.216,94.64155,94.207,94.215,94.296,94.623
94.773,92.52442,94.754,94.76,91.773,93.239
94.698,94.8665,94.645,94.659,95.255,94.791
93.806,94.87969,93.877,93.821,96.322,94.508
93.847,93.58569,93.775,93.764,92.902,93.625
94.589,95.536,94.606,94.614,94.934,95.007
94.643,96.14912,94.781,94.714,96.768,94.941
95.133,96.06682,95.314,95.252,97.694,95.777
94.839,94.34135,95.106,95.043,94.735,94.539
95.242,96.31322,95.449,95.408,98.086,95.929
95.242,96.34732,95.449,95.408,98.086,95.929
94.776,94.92678,94.756,94.747,95.803,94.877
94.23,93.3169,94.054,94.106,93.65,93.799
94.742,94.64152,94.651,94.678,93.701,94.69
94.589,95.52475,94.606,94.614,94.934,95.007
93.847,93.605,93.775,93.764,92.902,93.625
94.589,95.47242,94.606,94.614,94.934,95.007
94.643,96.12952,94.781,94.714,96.768,94.941
93.808,94.85277,93.887,93.838,96.033,94.51
95.242,96.31992,95.449,95.408,98.086,95.929
95.242,96.30916,95.449,95.408,98.086,95.929
95.242,96.3287,95.449,95.408,98.086,95.929
95.414,96.48413,95.619,95.647,98.151,96.002
94.773,92.57094,94.754,94.76,91.773,93.239
94.647,94.31477,94.578,94.687,93.778,94.336
93.806,94.88924,93.877,93.821,96.322,94.508
94.216,94.63355,94.207,94.215,94.296,94.623
94.743,94.59241,94.679,94.782,95.459,94.621
95.096,94.77862,95.553,95.534,95.741,95.04
95.242,96.30033,95.449,95.408,98.086,95.929
95.242,96.36483,95.449,95.408,98.086,95.929
94.216,94.63421,94.207,94.215,94.296,94.623
95.242,96.35813,95.449,95.408,98.086,95.929
94.216,94.6412,94.207,94.215,94.296,94.623
94.698,94.85604,94.645,94.659,95.255,94.791
94.742,94.65284,94.651,94.678,93.701,94.69
94.589,95.54753,94.606,94.614,94.934,95.007
94.589,95.51502,94.606,94.614,94.934,95.007
94.216,94.62046,94.207,94.215,94.296,94.623
94.643,96.18975,94.781,94.714,96.768,94.941
95.242,96.27361,95.449,95.408,98.086,95.929
94.218,94.68509,94.217,94.231,99.655,94.627
94.216,94.61495,94.207,94.215,94.296,94.623
94.216,94.5776,94.207,94.215,94.296,94.623
94.698,94.87487,94.645,94.659,95.255,94.791
94.152,93.20415,93.943,94.018,93.406,93.704
94.698,94.87216,94.645,94.659,95.255,94.791
94.589,95.52826,94.606,94.614,94.934,95.007
94.589,95.52566,94.606,94.614,94.934,95.007
94.589,95.50738,94.606,94.614,94.934,95.007
94.817,95.19233,94.872,94.839,96.427,95.053
93.806,94.88051,93.877,93.821,96.322,94.508
95.242,96.34896,95.449,95.408,98.086,95.929
95.242,96.38293,95.449,95.408,98.086,95.929
95.242,96.32215,95.449,95.408,98.086,95.929
94.739,95.07948,94.76,94.751,95.568,94.969
94.773,92.59335,94.754,94.76,91.773,93.239
95.091,94.79673,95.54,95.544,95.706,95.03
93.853,93.76211,93.733,93.742,92.898,93.681
94.216,94.60556,94.207,94.215,94.296,94.623
93.806,94.84385,93.877,93.821,96.322,94.508
94.643,96.1521,94.781,94.714,96.768,94.941
95.242,96.3147,95.449,95.408,98.086,95.929
95.242,96.3552,95.449,95.408,98.086,95.929
94.216,94.62933,94.207,94.215,94.296,94.623
95.242,96.31004,95.449,95.408,98.086,95.929
94.216,94.61171,94.207,94.215,94.296,94.623
94.683,95.04657,94.627,94.635,95.134,94.788
94.698,94.82858,94.645,94.659,95.255,94.791
93.847,93.64699,93.775,93.764,92.902,93.625
94.589,95.49316,94.606,94.614,94.934,95.007
93.867,94.77471,93.907,93.868,96.196,94.366
94.643,96.15447,94.781,94.714,96.768,94.941
95.242,96.32348,95.449,95.408,98.086,95.929
95.242,96.35081,95.449,95.408,98.086,95.929
95.242,96.30963,95.449,95.408,98.086,95.929
94.216,94.64015,94.207,94.215,94.296,94.623
94.698,94.84199,94.645,94.659,95.255,94.791
94.817,95.16233,94.872,94.839,96.427,95.053
94.589,95.51315,94.606,94.614,94.934,95.007
94.567,95.48632,94.571,94.582,94.891,95.048
94.643,96.1061,94.781,94.714,96.768,94.941
95.242,96.33378,95.449,95.408,98.086,95.929
93.806,94.91635,93.877,93.821,96.322,94.508
93.823,92.69338,93.889,93.859,91.979,93.167
95.119,96.13104,95.209,95.169,97.943,95.715
94.986,94.82362,95.191,95.152,94.908,95.003
94.698,94.83947,94.645,94.659,95.255,94.791
94.698,94.87114,94.645,94.659,95.255,94.791
93.847,93.62076,93.775,93.764,92.902,93.625
94.216,94.6077,94.207,94.215,94.296,94.623
94.562,94.60817,94.411,94.47,90.76,94.616
93.856,94.43162,93.959,93.877,95.672,94.38
93.806,94.8841,93.877,93.821,96.322,94.508
95.242,96.35724,95.449,95.408,98.086,95.929
95.242,96.30988,95.449,95.408,98.086,95.929
95.242,96.35516,95.449,95.408,98.086,95.929
94.698,94.83279,94.645,94.659,95.255,94.791
94.698,94.86453,94.645,94.659,95.255,94.791
93.847,93.66501,93.775,93.764,92.902,93.625
94.216,94.61259,94.207,94.215,94.296,94.623
94.643,96.14179,94.781,94.714,96.768,94.941
94.226,93.85857,94.405,94.37,93.44,93.664
95.135,94.59357,95.546,95.563,94.71,94.93
94.216,94.58864,94.207,94.215,94.296,94.623
94.216,94.59299,94.207,94.215,94.296,94.623
94.216,94.60186,94.207,94.215,94.296,94.623
94.698,94.82603,94.645,94.659,95.255,94.791
94.742,94.62784,94.651,94.678,93.701,94.69
93.847,93.67513,93.775,93.764,92.902,93.625
94.589,95.51047,94.606,94.614,94.934,95.007
94.721,96.36971,94.891,94.823,96.82,95.018
94.804,96.56532,94.858,94.838,100.964,95.186
95.242,96.26887,95.449,95.408,98.086,95.929
95.242,96.33525,95.449,95.408,98.086,95.929
94.452,95.13623,94.514,94.504,94.574,94.911
95.242,96.3021,95.449,95.408,98.086,95.929
94.817,95.2254,94.872,94.839,96.427,95.053
94.698,94.85631,94.645,94.659,95.255,94.791
94.589,95.50048,94.606,94.614,94.934,95.007
94.216,94.61775,94.207,94.215,94.296,94.623
94.643,96.11486,94.781,94.714,96.768,94.941
95.242,96.36109,95.449,95.408,98.086,95.929
93.808,94.86073,93.887,93.838,96.033,94.51
94.216,94.61594,94.207,94.215,94.296,94.623
95.242,96.33851,95.449,95.408,98.086,95.929
94.216,94.622,94.207,94.215,94.296,94.623
94.144,94.18427,93.874,94.004,92.102,94.268
94.698,94.86324,94.645,94.659,95.255,94.791
94.216,94.62607,94.207,94.215,94.296,94.623
94.589,95.51743,94.606,94.614,94.934,95.007
94.889,95.02678,95.211,95.021,91.514,94.609
93.806,94.91827,93.877,93.821,96.322,94.508
94.251,94.54615,94.275,94.263,94.343,94.624
95.242,96.33504,95.449,95.408,98.086,95.929
95.242,96.31256,95.449,95.408,98.086,95.929
94.216,94.59454,94.207,94.215,94.296,94.623
94.698,94.84373,94.645,94.659,95.255,94.791
94.792,94.58888,94.655,94.708,93.774,94.647
94.216,94.60799,94.207,94.215,94.296,94.623
94.216,94.58411,94.207,94.215,94.296,94.623
93.806,94.87427,93.877,93.821,96.322,94.508
95.242,96.3265,95.449,95.408,98.086,95.929
94.739,95.12687,94.76,94.751,95.568,94.969
94.218,94.68238,94.217,94.231,99.655,94.627
95.242,96.32367,95.449,95.408,98.086,95.929
95.242,96.34058,95.449,95.408,98.086,95.929
94.739,95.11111,94.76,94.751,95.568,94.969
94.773,92.5938,94.754,94.76,91.773,93.239
94.216,94.63798,94.207,94.215,94.296,94.623
94.589,95.54867,94.606,94.614,94.934,95.007
94.817,95.1975,94.872,94.839,96.427,95.053
93.806,94.88161,93.877,93.821,96.322,94.508
95.006,95.45328,95.143,95.119,96.903,95.471
94.216,94.617,94.207,94.215,94.296,94.623
95.307,96.31123,95.518,95.488,97.953,95.96
94.287,94.60589,94.25,94.279,94.181,94.644
94.687,94.66966,94.582,94.607,91.443,94.706
94.216,94.64736,94.207,94.215,94.296,94.623
93.847,93.62412,93.775,93.764,92.902,93.625
94.589,95.50615,94.606,94.614,94.934,95.007
95.194,95.75645,95.378,95.369,97.437,95.695
94.218,94.66945,94.217,94.231,99.655,94.627
94.216,94.66028,94.207,94.215,94.296,94.623
95.242,96.33576,95.449,95.408,98.086,95.929
94.698,94.87795,94.645,94.659,95.255,94.791
94.698,94.90605,94.645,94.659,95.255,94.791
93.806,94.87812,93.877,93.821,96.322,94.508
94.589,95.52951,94.606,94.614,94.934,95.007
94.216,94.59261,94.207,94.215,94.296,94.623
94.739,95.07662,94.76,94.751,95.568,94.969
93.808,94.79006,93.887,93.838,96.033,94.51
95.242,96.3771,95.449,95.408,98.086,95.929
95.242,96.32871,95.449,95.408,98.086,95.929
94.216,94.61795,94.207,94.215,94.296,94.623
94.698,94.83757,94.645,94.659,95.255,94.791
94.216,94.59049,94.207,94.215,94.296,94.623
95.266,95.67426,95.335,95.312,93.803,95.534
94.589,95.50226,94.606,94.614,94.934,95.007
94.643,96.15054,94.781,94.714,96.768,94.941
95.242,96.32694,95.449,95.408,98.086,95.929
94.216,94.59293,94.207,94.215,94.296,94.623
94.452,95.14256,94.514,94.504,94.574,94.911
94.742,94.66612,94.651,94.678,93.701,94.69
95.171,94.50896,95.58,95.576,95.433,94.887
94.404,94.58342,94.442,94.465,93.99,94.696
93.847,93.63785,93.775,93.764,92.902,93.625
94.589,95.49801,94.606,94.614,94.934,95.007
94.698,94.87102,94.645,94.659,95.255,94.791
94.244,93.84908,94.468,94.391,93.423,93.733
94.216,94.61893,94.207,94.215,94.296,94.623
96.16,95.98554,96.216,96.234,95.557,95.812
94.452,95.16488,94.514,94.504,94.574,94.911
94.216,94.61461,94.207,94.215,94.296,94.623
95.091,94.78558,95.54,95.544,95.706,95.03
94.216,94.60665,94.207,94.215,94.296,94.623
93.847,93.60353,93.775,93.764,92.902,93.625
94.216,94.57651,94.207,94.215,94.296,94.623
94.952,95.04707,95.004,94.95,91.692,95.038
95.194,95.77236,95.378,95.369,97.437,95.695
95.637,95.24822,95.777,95.779,95.223,95.543
95.242,96.33627,95.449,95.408,98.086,95.929
95.242,96.32187,95.449,95.408,98.086,95.929
94.216,94.63044,94.207,94.215,94.296,94.623
94.698,94.84873,94.645,94.659,95.255,94.791
93.806,94.86818,93.877,93.821,96.322,94.508
94.589,95.50265,94.606,94.614,94.934,95.007
94.589,95.497,94.606,94.614,94.934,95.007
95.087,95.04188,95.527,95.485,96.43,95.069
95.242,96.28622,95.449,95.408,98.086,95.929
95.2,96.35832,95.35,95.347,97.993,95.866
96.171,96.23743,96.311,96.303,99.641,95.975
94.452,95.17117,94.514,94.504,94.574,94.911
94.216,94.60036,94.207,94.215,94.296,94.623
94.773,92.58631,94.754,94.76,91.773,93.239
94.216,94.66132,94.207,94.215,94.296,94.623
94.589,95.51885,94.606,94.614,94.934,95.007
94.589,95.53343,94.606,94.614,94.934,95.007
94.739,95.1184,94.76,94.751,95.568,94.969
95.941,97.01403,96.541,96.31,95.986,95.727
94.949,95.08124,94.976,95.008,93.116,95.154
95.242,96.31727,95.449,95.408,98.086,95.929
94.216,94.61981,94.207,94.215,94.296,94.623
94.739,95.11611,94.76,94.751,95.568,94.969
94.698,94.92098,94.645,94.659,95.255,94.791
94.216,94.61406,94.207,94.215,94.296,94.623
93.847,93.63786,93.775,93.764,92.902,93.625
94.672,95.40734,94.741,94.713,94.809,95.022
94.703,94.83878,94.658,94.649,95.33,94.802
93.806,94.88346,93.877,93.821,96.322,94.508
95.242,96.3065,95.449,95.408,98.086,95.929
95.242,96.32121,95.449,95.408,98.086,95.929
95.242,96.32664,95.449,95.408,98.086,95.929
94.216,94.6389,94.207,94.215,94.296,94.623
94.698,94.86397,94.645,94.659,95.255,94.791
93.806,94.91402,93.877,93.821,96.322,94.508
94.589,95.49934,94.606,94.614,94.934,95.007
94.589,95.48654,94.606,94.614,94.934,95.007
94.643,96.0996,94.781,94.714,96.768,94.941
93.808,94.83525,93.887,93.838,96.033,94.51
94.216,94.61642,94.207,94.215,94.296,94.623
95.242,96.33513,95.449,95.408,98.086,95.929
94.643,96.14731,94.781,94.714,96.768,94.941
94.216,94.62427,94.207,94.215,94.296,94.623
94.773,92.50314,94.754,94.76,91.773,93.239
94.698,94.87523,94.645,94.659,95.255,94.791
93.806,94.8796,93.877,93.821,96.322,94.508
94.216,94.58753,94.207,94.215,94.296,94.623
94.219,94.3227,94.414,94.309,92.115,93.737
93.806,94.88821,93.877,93.821,96.322,94.508
95.242,96.30716,95.449,95.408,98.086,95.929
95.242,96.34984,95.449,95.408,98.086,95.929
96.13,96.10043,96.195,96.212,95.436,95.846
95.384,95.56488,95.476,95.499,94.572,95.542
94.728,94.768,94.666,94.681,93.977,94.739
94.698,94.87476,94.645,94.659,95.255,94.791
94.216,94.58823,94.207,94.215,94.296,94.623
94.589,95.48046,94.606,94.614,94.934,95.007
93.494,92.49303,93.42,93.421,90.523,92.843
94.643,96.12127,94.781,94.714,96.768,94.941
93.938,95.1474,93.92,93.919,96.362,94.605
94.216,94.61224,94.207,94.215,94.296,94.623
95.242,96.3334,95.449,95.408,98.086,95.929
95.242,96.33667,95.449,95.408,98.086,95.929
94.216,94.62727,94.207,94.215,94.296,94.623
95.096,94.75292,95.553,95.534,95.741,95.04
93.806,94.84963,93.877,93.821,96.322,94.508
93.847,93.59884,93.775,93.764,92.902,93.625
94.942,94.47545,95.2,95.126,94.194,94.386
94.817,95.17062,94.872,94.839,96.427,95.053
93.806,94.90596,93.877,93.821,96.322,94.508
94.739,95.11174,94.76,94.751,95.568,94.969
95.242,96.33824,95.449,95.408,98.086,95.929
94.814,96.09167,95.195,95.087,97.14,95.583
94.771,94.73194,94.853,94.862,95.604,94.696
94.756,94.41487,94.744,94.768,91.947,94.519
94.216,94.62057,94.207,94.215,94.296,94.623
93.847,93.66617,93.775,93.764,92.902,93.625
93.806,94.8602,93.877,93.821,96.322,94.508
95.048,95.15284,95.065,95.001,93.576,95.262
93.806,94.84634,93.877,93.821,96.322,94.508
95.242,96.35843,95.449,95.408,98.086,95.929
95.242,96.33471,95.449,95.408,98.086,95.929
93.823,92.65994,93.889,93.859,91.979,93.167
94.216,94.60379,94.207,94.215,94.296,94.623
94.74,94.62807,94.641,94.662,93.68,94.696
93.876,93.6468,94.109,94.007,90.515,93.523
93.847,93.62336,93.775,93.764,92.902,93.625
93.806,94.90681,93.877,93.821,96.322,94.508
95.176,94.84405,95.661,95.655,93.247,95.104
95.021,96.69552,95.157,95.063,97.355,95.31
95.242,96.37241,95.449,95.408,98.086,95.929
95.242,96.31696,95.449,95.408,98.086,95.929
94.644,94.31236,94.461,94.535,95.558,94.7
94.216,94.60066,94.207,94.215,94.296,94.623
94.698,94.85504,94.645,94.659,95.255,94.791
94.224,94.2267,94.174,94.205,94.277,94.46
93.847,93.63328,93.775,93.764,92.902,93.625
94.208,92.82013,94.074,94.167,93.084,93.531
94.649,95.48035,94.647,94.668,95.546,94.976
95.024,95.86505,95.178,95.096,97.367,95.601
95.006,95.4499,95.143,95.119,96.903,95.471
95.242,96.31512,95.449,95.408,98.086,95.929
94.216,94.60239,94.207,94.215,94.296,94.623
94.216,94.60453,94.207,94.215,94.296,94.623
95.22,94.6528,95.652,95.648,91.477,94.985
93.806,94.85995,93.877,93.821,96.322,94.508
93.847,93.63809,93.775,93.764,92.902,93.625
94.589,95.53323,94.606,94.614,94.934,95.007
94.643,96.13597,94.781,94.714,96.768,94.941
95.242,96.33488,95.449,95.408,98.086,95.929
94.218,94.72296,94.217,94.231,99.655,94.627
95.242,96.31962,95.449,95.408,98.086,95.929
94.879,94.15531,94.976,95.004,93.903,94.572
94.216,94.63173,94.207,94.215,94.296,94.623
94.698,94.8584,94.645,94.659,95.255,94.791
93.806,94.87954,93.877,93.821,96.322,94.508
94.578,95.04767,94.57,94.57,94.375,94.897
94.589,95.50995,94.606,94.614,94.934,95.007
94.784,94.89805,94.766,94.77,92.356,94.871
95.242,96.32626,95.449,95.408,98.086,95.929
94.218,94.67019,94.217,94.231,99.655,94.627
96.171,96.26312,96.311,96.303,99.641,95.975
94.216,94.61936,94.207,94.215,94.296,94.623
94.698,94.86079,94.645,94.659,95.255,94.791
94.583,94.2155,94.48,94.55,91.076,94.397
94.216,94.60444,94.207,94.215,94.296,94.623
94.894,95.66684,94.819,94.951,95.172,95.196
93.746,94.48785,93.835,93.777,94.635,94.388
95.169,94.9048,95.651,95.632,96.044,95.113
95.242,96.33424,95.449,95.408,98.086,95.929
95.242,96.337,95.449,95.408,98.086,95.929
96.171,96.20362,96.311,96.303,99.641,95.975
94.216,94.6508,94.207,94.215,94.296,94.623
94.216,94.60976,94.207,94.215,94.296,94.623
94.455,94.0375,94.212,94.326,94.715,94.301
93.806,94.82019,93.877,93.821,96.322,94.508
93.847,93.64637,93.775,93.764,92.902,93.625
94.589,95.51874,94.606,94.614,94.934,95.007
94.643,96.12165,94.781,94.714,96.768,94.941
95.242,96.32686,95.449,95.408,98.086,95.929
95.242,96.34499,95.449,95.408,98.086,95.929
95.242,96.33346,95.449,95.408,98.086,95.929
94.698,94.89234,94.645,94.659,95.255,94.791
94.216,94.62848,94.207,94.215,94.296,94.623
94.698,94.88484,94.645,94.659,95.255,94.791
93.806,94.85041,93.877,93.821,96.322,94.508
94.589,95.52084,94.606,94.614,94.934,95.007
95.066,94.80264,95.394,95.282,93.877,94.479
94.703,95.95176,94.811,94.761,96.677,94.865
95.242,96.34172,95.449,95.408,98.086,95.929
94.216,94.59299,94.207,94.215,94.296,94.623
94.216,94.62444,94.207,94.215,94.296,94.623
96.13,96.1026,96.195,96.212,95.436,95.846
94.216,94.60596,94.207,94.215,94.296,94.623
94.773,92.54353,94.754,94.76,91.773,93.239
94.388,94.58805,94.378,94.454,94.147,94.686
94.589,95.51649,94.606,94.614,94.934,95.007
93.806,94.89668,93.877,93.821,96.322,94.508
93.806,94.88399,93.877,93.821,96.322,94.508
95.242,96.32825,95.449,95.408,98.086,95.929
95.635,95.32371,95.767,95.763,94.49,95.56
95.242,96.36634,95.449,95.408,98.086,95.929
94.216,94.63206,94.207,94.215,94.296,94.623
94.216,94.61127,94.207,94.215,94.296,94.623
94.821,94.75897,94.763,94.766,90.012,94.773
93.806,94.88409,93.877,93.821,96.322,94.508
94.589,95.51572,94.606,94.614,94.934,95.007
94.589,95.516,94.606,94.614,94.934,95.007
94.703,95.92052,94.811,94.761,96.677,94.865
95.242,96.32884,95.449,95.408,98.086,95.929
95.242,96.32525,95.449,95.408,98.086,95.929
96.041,96.06341,96.082,96.129,94.784,95.714
94.216,94.58336,94.207,94.215,94.296,94.623
94.619,94.55657,94.411,94.439,93.69,94.477
94.698,94.84883,94.645,94.659,95.255,94.791
93.806,94.86804,93.877,93.821,96.322,94.508
93.847,93.67454,93.775,93.764,92.902,93.625
94.589,95.51427,94.606,94.614,94.934,95.007
94.685,95.01737,94.694,94.672,94.936,94.821
94.698,94.85452,94.645,94.659,95.255,94.791
95.242,96.28905,95.449,95.408,98.086,95.929
95.242,96.3767,95.449,95.408,98.086,95.929
95.242,96.32426,95.449,95.408,98.086,95.929
94.216,94.60083,94.207,94.215,94.296,94.623
94.698,94.84896,94.645,94.659,95.255,94.791
94.216,94.64713,94.207,94.215,94.296,94.623
94.76,95.1621,94.781,94.781,94.679,95.002
93.806,94.84661,93.877,93.821,96.322,94.508
94.748,94.61134,94.664,94.668,93.524,94.699
94.739,95.07171,94.76,94.751,95.568,94.969
94.218,94.66416,94.217,94.231,99.655,94.627
95.242,96.34178,95.449,95.408,98.086,95.929
95.242,96.36207,95.449,95.408,98.086,95.929
94.216,94.59219,94.207,94.215,94.296,94.623
95.135,94.60114,95.546,95.563,94.71,94.93
94.216,94.62812,94.207,94.215,94.296,94.623
94.589,95.54401,94.606,94.614,94.934,95.007
93.806,94.8779,93.877,93.821,96.322,94.508
94.643,96.17677,94.781,94.714,96.768,94.941
93.806,94.89332,93.877,93.821,96.322,94.508
94.218,94.6741,94.217,94.231,99.655,94.627
96.171,96.23627,96.311,96.303,99.641,95.975
95.242,96.26695,95.449,95.408,98.086,95.929
94.216,94.57792,94.207,94.215,94.296,94.623
94.745,95.08558,94.738,94.69,95.604,94.985
94.216,94.61326,94.207,94.215,94.296,94.623
94.589,95.51728,94.606,94.614,94.934,95.007
93.806,94.87416,93.877,93.821,96.322,94.508
95.182,94.8276,95.674,95.645,94.436,95.113
95.242,96.29468,95.449,95.408,98.086,95.929
95.242,96.35645,95.449,95.408,98.086,95.929
95.242,96.34965,95.449,95.408,98.086,95.929
94.216,94.6195,94.207,94.215,94.296,94.623
94.703,94.81891,94.658,94.649,95.33,94.802
94.698,94.87506,94.645,94.659,95.255,94.791
93.806,94.83723,93.877,93.821,96.322,94.508
94.589,95.50819,94.606,94.614,94.934,95.007
93.806,94.89674,93.877,93.821,96.322,94.508
94.643,96.12223,94.781,94.714,96.768,94.941
95.242,96.33863,95.449,95.408,98.086,95.929
94.048,94.46385,93.991,94.027,98.329,94.476
96.171,96.26536,96.311,96.303,99.641,95.975
94.216,94.5775,94.207,94.215,94.296,94.623
94.817,95.21309,94.872,94.839,96.427,95.053
94.698,94.83934,94.645,94.659,95.255,94.791
93.807,94.41597,93.865,93.823,94.527,94.252
94.589,95.47451,94.606,94.614,94.934,95.007
93.806,94.88967,93.877,93.821,96.322,94.508
94.703,95.90033,94.811,94.761,96.677,94.865
94.455,94.01667,94.212,94.326,94.715,94.301
94.216,94.60156,94.207,94.215,94.296,94.623
95.152,95.69695,95.335,95.325,95.813,95.572
95.242,96.3278,95.449,95.408,98.086,95.929
94.216,94.62767,94.207,94.215,94.296,94.623
94.739,95.10001,94.76,94.751,95.568,94.969
93.385,90.62931,93.298,93.29,87.933,91.684
93.847,93.66448,93.775,93.764,92.902,93.625
93.867,94.78336,93.907,93.868,96.196,94.366
94.789,94.89183,94.779,94.76,93.548,94.879
94.698,94.86665,94.645,94.659,95.255,94.791
94.216,94.59433,94.207,94.215,94.296,94.623
95.788,96.07384,96.151,96.049,96.405,95.93
95.242,96.35961,95.449,95.408,98.086,95.929
94.216,94.62464,94.207,94.215,94.296,94.623
94.779,94.66605,94.664,94.705,90.023,94.713
94.216,94.60502,94.207,94.215,94.296,94.623
94.589,95.50084,94.606,94.614,94.934,95.007
93.806,94.85639,93.877,93.821,96.322,94.508
94.781,94.97251,94.769,94.738,95.582,94.887
95.242,96.31074,95.449,95.408,98.086,95.929
94.452,95.13959,94.514,94.504,94.574,94.911
96.175,95.99779,96.201,96.231,95.746,95.827
95.242,96.3387,95.449,95.408,98.086,95.929
94.821,94.75958,94.763,94.766,90.012,94.773
94.698,94.90667,94.645,94.659,95.255,94.791
94.177,93.60962,94.069,94.127,93.342,94.08
94.216,94.60555,94.207,94.215,94.296,94.623
93.806,94.89059,93.877,93.821,96.322,94.508
94.643,96.13524,94.781,94.714,96.768,94.941
95.242,96.32398,95.449,95.408,98.086,95.929
94.218,94.69666,94.217,94.231,99.655,94.627
94.216,94.60392,94.207,94.215,94.296,94.623
94.643,96.15074,94.781,94.714,96.768,94.941
95.242,96.30766,95.449,95.408,98.086,95.929
94.773,92.52977,94.754,94.76,91.773,93.239
94.748,94.62507,94.664,94.668,93.524,94.699
94.216,94.63339,94.207,94.215,94.296,94.623
94.58,95.29341,94.591,94.594,95.007,94.967
94.589,95.5243,94.606,94.614,94.934,95.007
93.808,94.82348,93.887,93.838,96.033,94.51
94.753,95.35293,94.838,94.774,97.737,95.088
94.414,94.73523,94.388,94.53,95.024,94.761
95.242,96.39813,95.449,95.408,98.086,95.929
95.242,96.35639,95.449,95.408,98.086,95.929
94.776,94.92991,94.756,94.747,95.803,94.877
94.698,94.86211,94.645,94.659,95.255,94.791
94.216,94.6229,94.207,94.215,94.296,94.623
94.216,94.60126,94.207,94.215,94.296,94.623
94.589,95.53185,94.606,94.614,94.934,95.007
95.298,94.83764,95.771,95.753,91.515,95.086
94.742,94.65557,94.651,94.678,93.701,94.69
94.218,94.66182,94.217,94.231,99.655,94.627
95.242,96.32551,95.449,95.408,98.086,95.929
94.216,94.62999,94.207,94.215,94.296,94.623
94.216,94.64065,94.207,94.215,94.296,94.623
94.654,94.798,94.595,94.607,95.597,94.588
93.806,94.86097,93.877,93.821,96.322,94.508
94.589,95.50446,94.606,94.614,94.934,95.007
94.589,95.50608,94.606,94.614,94.934,95.007
94.84,94.26214,94.86,94.928,88.571,94.566
95.242,96.357,95.449,95.408,98.086,95.929
93.806,94.87615,93.877,93.821,96.322,94.508
96.344,95.82093,96.898,96.87,96.495,95.983
95.242,96.34014,95.449,95.408,98.086,95.929
94.216,94.62864,94.207,94.215,94.296,94.623
94.742,94.63959,94.651,94.678,93.701,94.69
93.806,94.86995,93.877,93.821,96.322,94.508
94.589,95.50432,94.606,94.614,94.934,95.007
94.177,93.60014,94.069,94.127,93.342,94.08
95.242,96.30131,95.449,95.408,98.086,95.929
95.242,96.3079,95.449,95.408,98.086,95.929
95.242,96.29524,95.449,95.408,98.086,95.929
95.788,96.1006,96.151,96.049,96.405,95.93
95.242,96.34266,95.449,95.408,98.086,95.929
94.216,94.61941,94.207,94.215,94.296,94.623
94.698,94.85086,94.645,94.659,95.255,94.791
94.216,94.60797,94.207,94.215,94.296,94.623
94.216,94.61102,94.207,94.215,94.296,94.623
93.806,94.92556,93.877,93.821,96.322,94.508
95.137,95.01533,95.668,95.626,96.118,95.212
95.242,96.33901,95.449,95.408,98.086,95.929
93.806,94.86002,93.877,93.821,96.322,94.508
95.242,96.33842,95.449,95.408,98.086,95.929
95.118,95.50795,95.3,95.221,96.671,95.489
94.207,92.7797,94.048,94.114,94.283,93.548
94.698,94.86132,94.645,94.659,95.255,94.791
94.216,94.63127,94.207,94.215,94.296,94.623
94.599,95.52648,94.671,94.647,95.217,95.059
93.806,94.87265,93.877,93.821,96.322,94.508
95.181,96.2509,95.407,95.363,97.871,95.767
95.242,96.31258,95.449,95.408,98.086,95.929
95.242,96.34851,95.449,95.408,98.086,95.929
95.152,95.60451,95.335,95.325,95.813,95.572
94.644,94.32839,94.461,94.535,95.558,94.7
94.254,93.68294,94.273,94.228,93.536,94.344
94.776,94.9356,94.756,94.747,95.803,94.877
94.22,94.78296,94.227,94.247,99.576,94.627
94.589,95.518,94.606,94.614,94.934,95.007
94.589,95.49337,94.606,94.614,94.934,95.007
95.219,94.95407,95.668,95.663,94.942,95.138
94.742,94.90372,94.712,94.676,95.787,94.828
94.218,94.69678,94.217,94.231,99.655,94.627
